method        , block_size, num_items, avg_pesq         , avg_stoi          , avg_estoi, avg_mse               , avg_mae
mu-law        ,           ,      2703, 4.176899772637692, 0.9989399715785047,          , 7.644089678229158e-07 , 0.00041635612529946514
dyn-per-sample,           ,      2703, 4.606677119925072, 0.9999329753582546,          , 3.0765087969714376e-08, 8.941648017618396e-05
dyn-block     ,       16.0,      2703, 4.580310800187552, 0.9998996229786906,          , 6.394437337197246e-08 , 0.00014019507248052977
dyn-block     ,       64.0,      2703, 4.546134540164114, 0.9998584945336216,          , 1.1023091949102917e-07, 0.00018996370719471018
dyn-block     ,      256.0,      2703, 4.511894802142195, 0.9998145844513471,          , 1.5280129776830887e-07, 0.0002326984332065346
dyn-block     ,     1024.0,      2703, 4.343163891981762, 0.9997152713618108,          , 2.3328433905640567e-07, 0.0003086247612276067
